{"Manchester United": 1.75, "Stoke City": 12.6, "Watford": 20.0, "Burnley": 18.0, "Aston Villa": 10.416666666666666, "Swansea City": 9.5, "Bolton Wanderers": 12.454545454545455, "West Bromwich Albion": 15.0, "Reading": 15.0, "Liverpool": 4.666666666666667, "Manchester City": 8.3636363636363633, "Blackpool": 19.0, "Fulham": 11.833333333333334, "Everton": 8.1666666666666661, "Middlesboro": 12.375, "Derby County": 19.5, "Leicester City": 19.0, "Southampton": 13.0, "Newcastle United": 9.9090909090909083, "Norwich City": 14.0, "Ipswich Town": 18.0, "Hull City": 18.0, "Wigan Athletic": 14.625, "Queens Park Rangers": 18.5, "Wolverhampton": 17.75, "Blackburn Rovers": 11.636363636363637, "Chelsea": 2.75, "Charlton Athletic": 12.666666666666666, "Portsmouth": 13.857142857142858, "Tottenham Hotspur": 7.416666666666667, "Leeds United": 13.333333333333334, "West Ham United": 12.777777777777779, "Arsenal": 2.9166666666666665, "Crystal Palace": 18.0, "Sunderland": 15.666666666666666, "Birmingham": 14.142857142857142, "Sheffield United": 18.0}